{"cameraMode":{"drawMode":0,"name":"Shaded","section":"Shading Mode"},"sceneLighting":false,"audioPlay":false,"sceneViewState":{"m_AlwaysRefresh":false,"showFog":true,"showSkybox":false,"showFlares":true,"showImageEffects":true,"showParticleSystems":true,"showVisualEffectGraphs":true,"m_FxEnabled":true},"in2DMode":false,"pivot":{"x":0.24648189544677735,"y":0.5991251468658447,"z":0.014221645891666413},"rotation":{"x":-0.2347939908504486,"y":-0.6597365736961365,"z":0.22907555103302003,"w":-0.6761578917503357},"size":2.348667621612549,"orthographic":false}